CustomerID,CustomerName,Country
887,Kenneth Martinez,Barbados
560,Joseph Anderson,Northern Mariana Islands
701,Vincent Reynolds,British Virgin Islands
630,Christopher Morris,Guatemala
631,Sarah King,Falkland Islands (Malvinas)
228,Lisa Davis,Namibia
694,Matthew Le,Tajikistan
677,Scott Miller,Montserrat
371,Pamela Butler,Luxembourg
742,Maria Turner,Sri Lanka
801,Jesse Barker,Israel
595,Gerald Thomas,Saint Martin
981,James Hodges,Botswana
426,Bryan Cole,Australia
397,Sharon Barnes,Greece
691,Cheryl Moore,Luxembourg
415,Brandon Long MD,Mozambique
461,Douglas Harper,Latvia
392,Sarah Jordan,Haiti
882,Andrew Williams,Guyana
666,James Cole,Sweden
738,Barbara Hester,South Africa
447,Holly Thomas,Iran
612,Andrew Reeves,Korea
252,Kaylee Murphy,Central African Republic
502,Nancy Evans MD,Liechtenstein
825,Karen Smith,Bouvet Island (Bouvetoya)
526,Rebecca Swanson,Anguilla
711,Walter Patton,Montserrat
333,Lauren Jackson,Nicaragua
893,Brittany Becker,Yemen
817,Albert Edwards,Portugal
308,Reginald Knapp,Bahamas
822,Daniel Nguyen,Mali
485,Christopher Barr,Guinea
792,Michelle Schneider,New Caledonia
595,David Grant,French Southern Territories
889,Daniel Bush,Guernsey
673,Rebecca Hill,Philippines
656,William Cardenas,Cameroon
397,Tyler Miller,Equatorial Guinea
865,Dale Ryan,Faroe Islands
240,Patrick Allen,United Kingdom
643,David Garcia,Latvia
202,Brenda Oconnell,Palau
999,Matthew Avila,France
761,Randy Pearson,Saint Vincent and the Grenadines
840,Amanda Dorsey,Taiwan
280,Amanda Huff,Vietnam
866,Tammy Mcdowell,Mongolia
717,William Mitchell,Mali
605,Brandi Gordon,Sudan
215,Nicholas Wong,American Samoa
854,Edward Craig,New Caledonia
976,Jennifer Patterson,Iran
785,William Woods,Eritrea
492,Paul Finley,Saint Kitts and Nevis
686,Matthew Schwartz,British Indian Ocean Territory (Chagos Archipelago)
576,Jared Shaw,Georgia
806,Thomas Phillips,Cyprus
236,Jesse Zhang,Reunion
662,Nicole Pham,Egypt
796,Shelley Miller,Romania
470,Justin Brown,Macedonia
307,Brittany Murphy,Brazil
796,Kevin Davis,Sudan
156,Jose Bryant,Kyrgyz Republic
788,Miranda Foster,Cuba
692,Jeff Graves,Vietnam
170,Mrs. Donna White,Norway
846,Jennifer Haney,Trinidad and Tobago
486,Michael Stanley,Palau
980,Christopher Medina,Saint Lucia
328,Nicole Good,Saint Helena
657,James Hall,Cape Verde
382,Shaun Cannon,Panama
529,Taylor Small,Bangladesh
203,Jill Powers,Saint Vincent and the Grenadines
145,David Robinson,Burundi
615,Cynthia Hendricks DDS,Sierra Leone
788,Cynthia Walter,Cyprus
523,Antonio Fry,China
741,Kristi Williams,Norway
787,Joseph Horton,French Southern Territories
485,Joshua Allen,Togo
824,Joel Brown,Micronesia
642,David Harris,Uzbekistan
560,Anna Hardy,Ethiopia
486,Lindsey Russo,Senegal
701,Kristin Mendoza,Zimbabwe
115,Colton Figueroa,Lesotho
348,Michele Sanders,Gibraltar
894,John Wong,Guyana
625,Julie Lang,Senegal
959,Dale Edwards,Tonga
326,Alexis Tran,Saint Helena
527,Craig Hall,Ecuador
611,Terri Morgan,Liechtenstein
840,Katherine Jackson,Burundi
837,Catherine Preston,Mali
134,Angela Meyers,Albania
522,Mark Jones,Cuba
617,Antonio Little,Liberia
775,Aaron Arnold Jr.,Falkland Islands (Malvinas)
648,Alicia Li,Sri Lanka
283,Brent Hernandez,Mali
358,Debra Sanders,Kuwait
678,Michael Evans,Togo
765,Anna Gray,Azerbaijan
752,Christopher Porter,Slovenia
439,Shannon Davis,Armenia
335,Sean Clay,Aruba
176,Diana Daniels,Christmas Island
970,Tyrone Matthews,Rwanda
940,Billy Martin,Syrian Arab Republic
969,Steven Rivera,Burundi
909,Misty Mason DVM,Jordan
337,Gina Mack,Singapore
434,Donald Riddle,Guinea-Bissau
666,Jessica Frazier,Belize
890,Rebecca Marquez,Cape Verde
489,Madison Singh,Botswana
193,Eric Ward,Bulgaria
189,Jerry Peters,Anguilla
191,Brandon George,Hungary
112,James Miller,Ecuador
685,Melissa Jackson,Ethiopia
604,Christopher Hill,Slovenia
178,Tony Le,New Zealand
300,Chad Smith,Tajikistan
735,Scott Alexander,Swaziland
980,Linda Evans,Cook Islands
590,Vincent Novak,Puerto Rico
748,Kenneth Sanchez MD,Brazil
677,Zachary White,Anguilla
844,Michael Gonzales,Puerto Rico
170,Rebecca Ortiz,Norfolk Island
410,Matthew Espinoza,Kiribati
712,James Hunter,Mauritius
137,Heather Woodard,Northern Mariana Islands
187,David Ortega,New Caledonia
145,Maria Lucas,South Africa
540,Brett Walker,Micronesia
694,Connie Brooks,Philippines
702,Brittany Cuevas,French Polynesia
525,Angelica Guerra,Guernsey
419,Richard Boyd,Bhutan
548,Jodi Jones,Russian Federation
217,Greg Rodriguez,Saint Vincent and the Grenadines
349,Kristen Rivera,Djibouti
916,Cody Davidson,Antarctica (the territory South of 60 deg S)
855,Christina Vargas,Romania
319,Paul Stokes,Bosnia and Herzegovina
918,Chelsea Nguyen,Estonia
786,Kelsey Fowler,New Caledonia
501,Hannah Bruce,Suriname
789,Elizabeth Mendez,Burkina Faso
420,Eric White,Madagascar
497,Chad Reyes,Norfolk Island
650,Maria Cooke,Liechtenstein
395,Ernest Hayes,Guinea-Bissau
109,Mr. James Hoffman,Ireland
801,Michael Wallace Jr.,South Africa
879,Andrew Walker,Slovakia (Slovak Republic)
568,Patricia Simpson,Montenegro
216,Joshua Ritter,Saudi Arabia
142,Jessica Robinson,Saint Pierre and Miquelon
949,Danielle Golden,Estonia
456,Angie Grimes,Sudan
342,Oscar Norris,Niue
538,Charles Clark,Bahamas
683,Douglas Ryan,French Guiana
396,Tiffany Robertson,Bhutan
238,Rachel Sellers,Palau
229,Brandi Thomas,Egypt
879,Jenna Thomas,Nigeria
524,Bernard Norton,Iraq
627,Melissa Wiley,Greece
695,Raymond Oconnor,Norfolk Island
780,Sarah Flynn,Japan
944,Derrick Clayton,Montserrat
233,Karina Cooper,Australia
147,Richard Stevens,Togo
261,Aaron Rubio,United States of America
235,Elizabeth Baxter,Palau
469,Jacob Mckee,Indonesia
740,Michael Young,Romania
197,John Anderson,Pitcairn Islands
555,Michael Montoya,Bulgaria
589,James Cross,Germany
476,Breanna Ayala,Burkina Faso
756,Brenda Moreno MD,Kazakhstan
459,Lori Hernandez,Poland
553,Angelica Garcia,Myanmar
847,Victor Edwards,Falkland Islands (Malvinas)
760,Juan Greene,Slovakia (Slovak Republic)
807,Ryan Liu,Netherlands
621,James Lucas,Hungary
215,Mark Jones,Vietnam
424,Scott Carroll,Pitcairn Islands
276,Tiffany Townsend,Bangladesh
114,Andrew Brown,France
743,Pamela Henderson,Northern Mariana Islands
649,Brittany Miller,Uruguay
308,Brittney Murphy,Serbia
954,Maria Collins,Zimbabwe
966,David Middleton,New Caledonia
723,Maxwell Barrett,American Samoa
824,Adam Crawford,Malaysia
901,Deanna Watson,Tunisia
375,Bailey Yoder,Japan
378,Deborah Proctor,Luxembourg
566,Amy Villarreal,Cayman Islands
361,Stephanie Craig,Saint Vincent and the Grenadines
621,Scott Smith,Haiti
492,Cassidy Horne,Spain
831,Jennifer Morris,Saint Helena
427,Blake Watson,United Arab Emirates
153,Robert Jarvis,Turkey
576,Patricia Collins,Korea
108,Eddie Mueller,Ecuador
575,Wesley Cuevas,Saint Martin
659,Danielle Smith,Djibouti
654,Ryan Wiley,Senegal
773,Oscar Parker,Dominica
529,Anthony Shea DDS,Uruguay
337,Kelly Haynes,San Marino
186,Kathy Walsh,Namibia
681,Matthew Anderson,Thailand
422,Jenna Decker,Korea
378,Tony Taylor,Botswana
259,Jerry Edwards,Guinea-Bissau
888,Eric Baker,Cayman Islands
926,Samantha Terry,Syrian Arab Republic
977,Brandon Wright,Malawi
150,Debbie Ewing,Timor-Leste
563,Krista Davis,South Africa
243,Antonio Norman,Congo
943,Michael Pace,Myanmar
365,Angela Osborn,Oman
554,Anna Boone,Armenia
572,Thomas Hamilton,Luxembourg
130,Jeffery Gomez,Fiji
556,Amanda Harvey,French Polynesia
610,Juan Brown,Burundi
529,Stephen Fox,Mauritius
913,James Reeves,Slovenia
596,Keith Morris,Anguilla
426,Alyssa Cochran,Sudan
583,Pamela Key,Egypt
772,Joseph Moody,Serbia
324,Vickie Price,Dominica
706,Oscar Howard,Romania
817,Keith Thomas,Sudan
604,Casey Johnson,Netherlands Antilles
324,John Rivera,Sri Lanka
233,Christopher Lang,Angola
251,Sylvia Schroeder,Haiti
174,Tom Foster,Gabon
430,Christopher Fry,Pakistan
424,Wayne Steele,Guinea-Bissau
328,Robin Gray,French Polynesia
230,Aaron Miles,Thailand
889,Amanda Guzman,Northern Mariana Islands
679,Jon Rivera,Guatemala
427,Stephen Davis,Northern Mariana Islands
846,Jillian Baker,Bangladesh
458,Brian Smith,Saint Martin
529,Stacey Snyder,Mauritius
484,John Shields,Poland
330,Benjamin Singleton,Ghana
367,Angela Jackson,Saint Martin
176,Stephanie Davis,Uganda
594,Jessica Valdez,Jordan
260,Gary Mccann,Mexico
839,Kimberly Guerrero,Bhutan
150,Joshua Henry,Afghanistan
537,Rodney Weber,Bhutan
126,Mark Rowland,Brazil
415,Kaitlin Jacobson,Norway
657,Jacob James,Aruba
369,Dennis Hood,Canada
870,Anne Barnett,Saudi Arabia
703,Antonio Hughes,Martinique
803,Karen Keith,Belgium
504,Michelle Shaw,Montenegro
793,Mrs. Tiffany Cole,Sri Lanka
297,Jay Mcneil,Swaziland
742,Kurt Flores,Sri Lanka
168,Justin Arnold,Kuwait
994,Michael Matthews,Israel
253,Kevin Chang,Botswana
676,Rachel Dillon,Isle of Man
370,John Lynch,Falkland Islands (Malvinas)
512,Lee Steele,Tuvalu
439,Amber Alvarez,Holy See (Vatican City State)
120,Riley Collins,Qatar
801,Sean Taylor,Singapore
945,Nicholas Jacobs,Kenya
316,Jennifer Washington,Holy See (Vatican City State)
940,Rick Jones,Iraq
238,Kelly Carroll,Turkey
952,Anthony Johnson,Guyana
821,Jacob Marshall,Uzbekistan
226,Dana Burns,Trinidad and Tobago
585,Hannah Martin,Switzerland
805,Alexander Williams,Croatia
977,Danny Clark,Malawi
120,Tracy Fleming,Bulgaria
762,Robert Walker,Western Sahara
412,Michelle Hill,Guernsey
570,John Byrd,Mozambique
204,Zachary Levy,Oman
708,Elizabeth Rodriguez,Falkland Islands (Malvinas)
755,Donald Douglas,Comoros
253,Cynthia Brown,Panama
427,Mikayla Rios,United States of America
528,Norman Aguilar,Comoros
451,Courtney Nichols,Wallis and Futuna
787,Eric Jackson,Micronesia
285,John Figueroa,Moldova
881,Theresa Lam,Cyprus
463,Seth Fisher,Eritrea
699,Samuel Ruiz,Morocco
735,Steve Mason,Malta
405,Seth Hernandez,Ireland
683,Victoria Thomas,Slovakia (Slovak Republic)
182,Mr. Christopher Walters,Falkland Islands (Malvinas)
314,Caroline Duran,Serbia
898,Lucas Schultz,Lesotho
492,Joseph Cross,Gibraltar
875,Cheryl Rhodes,Egypt
331,Haley Anderson,Myanmar
413,Rodney Evans,Saint Lucia
632,Gail Barron,United Arab Emirates
601,Colin Vaughan,Denmark
329,Bonnie Gross,Chile
226,Matthew Johnson,Sierra Leone
647,Linda Williams,Taiwan
120,Brian Wallace,El Salvador
585,Christine Jennings,Italy
777,Joseph Dean,Italy
950,Kayla Williamson,Slovenia
208,Mr. Richard Decker DVM,Ireland
402,Joshua Lozano,Liberia
438,Adam Davis,Montenegro
785,Travis Chan Jr.,United Kingdom
362,Joyce Madden,Australia
202,Shelly Phelps,Philippines
420,Brian York,Timor-Leste
241,Carolyn Howard,Ethiopia
999,Jacqueline Cooper,Iran
567,James Jefferson,Turks and Caicos Islands
916,Casey Barber,Israel
704,Mr. Jeffrey Carr,New Caledonia
129,Sheryl Acosta,Uruguay
599,Jason Williams,Germany
112,Megan Saunders,Monaco
329,Mckenzie Morgan,Reunion
733,Matthew Wright,Philippines
756,Ryan Grant,Algeria
758,Kathy Harrison,Chad
176,Erica Rivera,Macedonia
328,Jamie Montoya,Kenya
920,Anita Jimenez,Luxembourg
863,Ashley Gutierrez,Afghanistan
945,Larry Montgomery,Madagascar
675,Michael Clements,Austria
936,Jesse Castro,Lebanon
833,Michelle Wilson,Cyprus
102,Ronald Brandt,Maldives
482,Amber Martin,Saint Barthelemy
860,Ashley Carr,Venezuela
972,Jim Harrington,Botswana
875,Timothy Monroe,Sierra Leone
561,Kevin Gordon,Malta
853,Timothy Roberson,Madagascar
899,Cassandra Lane,Brunei Darussalam
206,Kyle Andrade,Hungary
528,Sydney Farmer,Guam
401,Casey Gutierrez,San Marino
624,Michael Valencia,Vietnam
666,Christina Weber,Guatemala
788,Michael Hester,Mauritania
810,Michelle Hodges,Mozambique
684,Michelle Craig,Turkey
967,Adam Rodriguez,Austria
786,Derek Floyd,El Salvador
249,Melissa Phillips,Antigua and Barbuda
467,Ashley Parrish,Tonga
329,Kristina Young,Puerto Rico
780,James Butler,Mexico
155,David Oliver,Trinidad and Tobago
553,Susan Bush,Saudi Arabia
702,Lindsey Parsons,Kiribati
281,Mrs. Tonya Moss,Armenia
538,Dennis Martin,Greenland
577,Brittney Hernandez,Austria
892,Lisa Stanley,Montenegro
663,Richard Stewart,Maldives
169,Caitlin Daniels,Guernsey
326,Mary Rivera,Zambia
870,Karen Hoffman,Algeria
217,Jill Conway,Niger
349,Melanie Flores,Equatorial Guinea
653,Allison Black,Malawi
922,Katelyn Phillips,Gibraltar
626,Brendan Bonilla,Marshall Islands
107,Christine Soto,Poland
534,Christine Poole,Jordan
762,Andrea Parks,Saint Barthelemy
439,Benjamin Thompson,Barbados
688,Susan Russell,Iraq
543,James Wilson,Saint Helena
733,Patrick Williams,Vanuatu
614,Richard Turner,Serbia
548,Rodney Johnson,Cyprus
239,Rebecca Atkinson,Cambodia
405,Suzanne Norton,Holy See (Vatican City State)
111,Kristen Martinez,Nauru
503,Theresa Torres,United Kingdom
843,Jason Brewer,Central African Republic
288,Ruben Lee,South Georgia and the South Sandwich Islands
680,Sarah Randolph,Oman
662,Michael King,Morocco
598,Heather Lambert,Finland
734,Corey Tucker,Palestinian Territory
413,Brittany Knight,Chile
104,Richard Joseph,Falkland Islands (Malvinas)
960,Michael Rivera,Kiribati
467,Katelyn Rodriguez,Belgium
961,Ronald Vance,Saint Martin
741,Bernard Smith,Antarctica (the territory South of 60 deg S)
932,Jennifer Lawrence,Eritrea
656,Kimberly Valdez,India
328,Leah Vincent,Macao
622,Jack Smith,Sri Lanka
728,Nicole Taylor,Monaco
679,Tracy Fitzgerald,Guinea-Bissau
141,John Brown,Armenia
784,Terry Ward,Korea
147,Matthew Garcia,Switzerland
380,Deborah Stephens,Palau
487,Matthew Houston,Honduras
328,Heather Parrish,Liberia
718,Stephen Gonzales,Malawi
758,Chris Moore,Svalbard & Jan Mayen Islands
221,Jennifer Rivera,Peru
590,Kevin Holland,Ecuador
144,Kevin Taylor,Uganda
686,Christopher Nielsen,Nepal
677,Sherry Luna,Cuba
559,Kaitlin Olson,Isle of Man
715,Kevin Saunders,Madagascar
370,Michael Nielsen,Bangladesh
335,Carlos Smith,United States of America
616,Samantha Jacobs,United Arab Emirates
729,Sherry Schmidt,Bermuda
593,Stephanie Ryan,Wallis and Futuna
893,Jessica Fisher,Malta
539,Robert Clarke,Myanmar
923,Pam Horton,Burkina Faso
360,David Trevino,Turkey
656,Colin Fletcher,Maldives
220,Jaime Harris,Guyana
209,Matthew King,Monaco
474,Wendy Sanders,Mexico
902,Cassandra Hansen,Gambia
691,Michael Fitzgerald,San Marino
335,Michael Martin,Iran
904,Joshua Terry,Central African Republic
498,Abigail Davis,Vanuatu
714,Austin Walker,Argentina
841,William Mendez,Rwanda
711,Raymond Thompson,Algeria
306,Tara Holmes,Slovenia
713,Melissa Gilbert,Guyana
344,Vanessa Miller,Iran
461,Jennifer Gonzalez,Romania
170,Krista Barber,Mozambique
456,Robert Perez,Venezuela
513,Debbie Russell,Barbados
615,Travis Pratt,Martinique
932,Danielle Ramos,Liberia
888,Gerald Rowe,Ukraine
700,Karen Scott,Solomon Islands
325,Crystal Stewart,Martinique
109,Deborah Mitchell,San Marino
940,Justin White,Cuba
687,Travis Vega,Saint Pierre and Miquelon
304,David Baker,Syrian Arab Republic
355,Heather Maxwell,Belgium
792,Katherine Smith,Thailand
593,Ethan Villanueva,Falkland Islands (Malvinas)
602,Phillip Dixon,Sao Tome and Principe
690,Joseph Henderson,Macao
455,Michael Thompson,Malaysia
571,Adam Craig,Bolivia
433,Scott Lopez,Ethiopia
582,Grace White,Italy
817,Holly Morales,Montenegro
234,Melissa Olsen,Spain
341,Selena Gonzalez,Lebanon
925,Javier Taylor,Marshall Islands
837,John King,Indonesia
201,Amy Cervantes,Niue
198,George Ward,Venezuela
929,Alejandro Martinez,Congo
690,Mariah Thompson,Guinea
432,Katherine Doyle,New Zealand
393,Tyler Oneill,Vanuatu
445,Logan Sullivan,Central African Republic
451,Evan Carter,Oman
504,Jeremy Roy,Myanmar
633,Jennifer White,Saint Lucia
340,Teresa Haynes,Chad
506,Arthur Johns,Anguilla
889,Phillip Miller,Cape Verde
186,Stacey Parker,Finland
553,Bonnie Roberson,Panama
465,Erika Alvarez,Faroe Islands
661,Wayne Wolfe,Nauru
567,Madison Elliott,Northern Mariana Islands
646,Gregory Fernandez,Gambia
474,Christopher Smith,Senegal
968,Dustin Nichols,Liechtenstein
873,Adam Jordan,Djibouti
915,James Jenkins,Indonesia
355,Omar Price,Estonia
181,David Duran,Puerto Rico
801,Matthew Patel,Comoros
973,Chad Rodriguez,Korea
378,Katherine Flores,Marshall Islands
122,Brian Adams,Saint Lucia
108,Chris Snyder,Georgia
904,Yolanda Ford,Belgium
963,Brianna Adams,Mauritius
581,Steven Wright,American Samoa
224,Michelle Cruz,Saint Pierre and Miquelon
134,Nicolas Davis,Lebanon
498,Emily Morris,Armenia
862,Kelly King,Congo
469,Sharon Robinson,Norfolk Island
544,Christopher Hill,Somalia
348,Andrew Logan,Nauru
258,Brandon Moore,Nicaragua
446,Yolanda Garrett,Oman
257,Rebecca Martinez,Micronesia
907,Hannah Snow,Angola
805,Nathaniel King,Romania
548,Kimberly Henry,Mauritius
456,John Dillon,Tokelau
667,Joseph Cole,Haiti
564,Mark Gray,Andorra
734,Patty Allen,Palestinian Territory
651,Cheryl Vega,Cape Verde
727,Jason Morris,Palestinian Territory
168,Todd White,Botswana
597,Andres May,Liechtenstein
638,Leslie Williams,Saint Barthelemy
172,Thomas Rios,Spain
754,Justin Hurley,Heard Island and McDonald Islands
913,Samantha Baker,Barbados
954,Tony Yu,Saint Kitts and Nevis
336,Chelsey Fox,Nigeria
283,Kristin Reese,Montserrat
466,Michele Simmons,Somalia
284,Kathy Sandoval,Kenya
460,Krista Shea,Serbia
748,Nicholas Franklin,Croatia
484,Tammy King,Indonesia
100,Victoria Larson,Tuvalu
409,William Lewis,Sierra Leone
941,Samantha Ellison,Montenegro
685,Andrew Kelly,Haiti
696,David Evans,Mongolia
322,Misty Mcguire,Sweden
806,Sabrina Davis,Argentina
848,Jane Deleon,Guernsey
936,Timothy Martinez,San Marino
768,Tanya Walters,Austria
412,Emma Cunningham,Qatar
326,Michael Osborn,Nauru
689,Courtney Roberts,Bulgaria
444,Kenneth Williams,Belize
508,Patricia Anderson,Moldova
302,Matthew Gonzalez DDS,Egypt
348,Ricardo Morris,Bouvet Island (Bouvetoya)
787,Jacob Lee,Palau
124,Caroline Bailey,Cameroon
551,Robert Gonzalez,Saudi Arabia
845,Ashley Brown,Cameroon
989,Donna Cooper,Korea
582,Daniel Medina,Maldives
868,John Blair,Qatar
784,Kevin Alvarado,Chile
161,Richard Williamson,Palau
108,Matthew Alvarado,Tonga
210,Sean Banks,Madagascar
826,Ethan Delacruz,Colombia
303,Judith House,Egypt
642,John Garner,Poland
460,Eric Ferrell,Sudan
163,Sherry Zamora,Yemen
386,Glenn Long,Saint Lucia
491,Megan Salas,Israel
346,Jessica Edwards,Kiribati
655,Matthew Carpenter,Cook Islands
983,Michael Roach,United States of America
888,Timothy Stark,Micronesia
645,Bailey Stewart,Antarctica (the territory South of 60 deg S)
883,William Ali,Samoa
941,Taylor Hill,Botswana
234,Phillip Salazar,Mongolia
727,David Mcdaniel,Portugal
898,Jonathan Jacobs,Holy See (Vatican City State)
288,Katherine Taylor,Antigua and Barbuda
518,Alexis Nelson,Samoa
787,Norma Jones DVM,New Zealand
601,Sharon Clay,Singapore
142,Samantha Cortez,Wallis and Futuna
860,Kimberly Davidson,Argentina
633,Jesus Rich,Martinique
505,Mrs. Jasmine Hubbard,French Guiana
550,Eric Carey,Jamaica
401,Amy Black,Switzerland
761,Nathan Wilson,Wallis and Futuna
812,Jenna Morris,Korea
704,Stephanie Khan,Gibraltar
808,Michelle Martin,Bermuda
216,Madison Miller,Saint Lucia
910,Lisa Moore,Aruba
886,George Savage,Trinidad and Tobago
248,Michael Barnes,Seychelles
556,Christopher Roach,Niger
883,Jimmy Foley,Albania
722,Cynthia Chapman,Ireland
552,Kyle Sanchez,Nicaragua
743,Samantha Williams,Palau
457,Scott Estrada,Greenland
189,Jason Thompson,New Caledonia
776,Linda Cobb,San Marino
692,Andrew Mack,Ukraine
488,Olivia Bridges,Latvia
237,Scott Murphy,Cote d'Ivoire
812,Anthony Duncan,Benin
595,Lisa French,Japan
723,Debbie Andrews,Vanuatu
232,Kathleen Daniel,Sri Lanka
284,Crystal Roberts,British Indian Ocean Territory (Chagos Archipelago)
124,Robert Mclaughlin,New Zealand
524,Gene Castro,Algeria
755,Douglas Tyler,Macedonia
663,Aaron Jennings,Saint Kitts and Nevis
682,Alyssa Thompson,Guadeloupe
788,John Johnson,Cape Verde
742,Sean Huang,Suriname
523,Amy Meyer,Philippines
423,Alicia Ray,United States Virgin Islands
914,Wayne Ramirez,Honduras
741,Carol Obrien,Brazil
985,Elizabeth Hodge,Faroe Islands
523,Shawn Watson,Mali
409,James Johnson,Bermuda
554,Rebecca Stein,Guam
595,Kelly Rowe,Tunisia
200,Teresa Rhodes,Saint Kitts and Nevis
137,Miguel Boyd,Venezuela
145,Linda Miller,Aruba
205,Mary Edwards,Georgia
754,Erica Lee,Ghana
891,Bruce Hernandez,American Samoa
737,Ashley Daniels,Faroe Islands
244,Regina Andrews,Georgia
727,Kimberly Williams,United Kingdom
791,James Miller,Romania
710,Lori Vaughn,Guinea-Bissau
419,Craig Chang,Uzbekistan
873,Laura Davis,Bhutan
566,Matthew Miranda,Yemen
329,Steven Scott,Cocos (Keeling) Islands
816,Erin Valencia,Libyan Arab Jamahiriya
130,Brian Mendoza,Seychelles
456,Bethany Garcia,Botswana
433,Andrea Turner,Namibia
523,David Moore,Bahrain
448,Michael Reynolds,Solomon Islands
450,Cynthia Bates,Venezuela
828,Katelyn Vargas,Micronesia
199,Casey Blanchard,Botswana
801,Patricia Gray,Panama
162,Robert Clay,Sudan
100,Mary Chavez,New Zealand
691,Daniel Rich,South Africa
795,Tony Graham,Mozambique
108,Kayla Abbott,Heard Island and McDonald Islands
662,April Castro,Tokelau
388,Cynthia Park,Ghana
828,James Gardner,Lebanon
242,James Middleton,France
993,Brandy Jones,Saint Helena
598,Vanessa Taylor,Sri Lanka
525,Stephanie Dominguez,Cocos (Keeling) Islands
565,Kristen Cole,Colombia
534,Laura Bradford,Macao
375,Joshua Richardson,Liberia
821,Kevin Nixon,Saint Lucia
848,Shannon Christensen,Malaysia
180,Lisa Sanchez,Panama
784,Mark Yates,Austria
451,Alexandra Gibson,Saint Martin
439,Tyler Yates,Argentina
811,Nicole Acosta,Bahamas
744,Christopher Williams,Saint Pierre and Miquelon
739,John Martinez,Slovenia
384,Luis Hill,Saint Vincent and the Grenadines
214,Susan Stevenson,Heard Island and McDonald Islands
927,Richard Young,Malta
982,William Coffey,Swaziland
257,Nicole Gutierrez,Panama
550,Carol Lane,Norway
370,Audrey Jackson,Gabon
587,Nicole Patel,Romania
499,Charles Berg,Vanuatu
916,Michael Nixon,Bhutan
644,Tina Reynolds,Faroe Islands
443,Robert Scott,Kyrgyz Republic
891,Dana Powers,Maldives
445,Wendy Edwards,Algeria
951,Jason Fox,Guernsey
324,Darlene Johnson,Azerbaijan
708,Sara Sampson,Russian Federation
222,Larry Bennett,Oman
679,Cathy Rodriguez,French Polynesia
578,Angela Chavez,Japan
808,Patricia Morris,Barbados
383,Janet Cook,Zimbabwe
932,Jeremiah Vasquez,India
282,Ashley Fernandez,New Zealand
758,Jeremy Green,Barbados
685,Paula Smith,Palau
755,Andrew Myers,Greenland
500,Kaylee Case,Jordan
513,Priscilla Floyd,Afghanistan
493,Sabrina Olson,Vietnam
467,Eric Brown,Haiti
647,Gina Randall,French Guiana
763,Julian Ponce,French Southern Territories
812,Brian Barker,Turks and Caicos Islands
747,Collin Johnson,Namibia
344,Arthur Fernandez MD,Sudan
560,Alexis Morgan,Saint Helena
143,Daniel Valdez,Wallis and Futuna
794,Kimberly Figueroa,Barbados
137,Katherine Smith,Ecuador
818,Alexis Chen,South Africa
199,Christopher Garza,Luxembourg
709,Connie Brock,Sudan
955,Miss Erika Daugherty,Burundi
429,Rebecca Duran,Grenada
164,Charles Perry,Mexico
268,Timothy Williams,Tanzania
747,Paula Smith,Albania
107,Brandon Pearson,Puerto Rico
926,Karen Martinez,Faroe Islands
635,David Thompson,Nauru
284,Lisa Miller,Italy
104,Cheryl Downs,Guyana
983,Kimberly Robinson,Palestinian Territory
313,Cory Hogan,United States Minor Outlying Islands
585,Christopher Livingston Jr.,Cote d'Ivoire
545,Luis Wu,Bosnia and Herzegovina
858,Joshua Moore,Malawi
218,David Wallace,Italy
303,Stephanie Hall,Denmark
200,Jason Gonzalez,Latvia
699,Dr. Charles Reilly,Iceland
482,Nathan Chen,Grenada
230,Keith Ramirez,Lao People's Democratic Republic
569,Philip Robinson,Cayman Islands
908,Tiffany Whitehead,Timor-Leste
335,Scott Burns,Lebanon
957,Adrian Patterson,Greece
544,Stephanie Vargas,Montenegro
105,Andrew Esparza,Macedonia
134,James Pacheco,Bolivia
563,Bradley Mullins DDS,Bulgaria
467,Matthew Davis,Gambia
265,Shannon Burgess,Kyrgyz Republic
890,Michael Lopez,Kyrgyz Republic
820,Shannon Jones,Malta
133,Paul Wolfe,Montserrat
913,Michael Oliver,Venezuela
156,Susan Cox,Hungary
474,Andrew Richardson,Romania
168,Patricia Taylor,Mauritania
216,Nancy Goodwin,Sao Tome and Principe
862,Erica Hurst,Jamaica
383,Jake Chavez,Switzerland
225,Joseph Bryan,Nicaragua
476,Theresa Lamb,Uganda
568,James White,Chad
382,Charles Hernandez,Zambia
742,Jason Fleming,Guatemala
530,Matthew Carter,Tunisia
921,Travis Newman,Guam
771,Erin Watkins,Tajikistan
661,Eric Anderson,Somalia
366,Jacob Roberts,Guinea
391,Christopher Glass,France
286,Sara Schwartz,Cape Verde
265,Andrew Stewart,Eritrea
478,Justin Johnson,Cameroon
481,William Ferguson,Anguilla
514,Patricia Gould,Albania
856,Katie Holland,Ukraine
396,Nicole Mcknight,South Georgia and the South Sandwich Islands
678,Tammy Morgan,Lesotho
141,Juan Parker,Tajikistan
325,Brandon Brown,Mozambique
639,Timothy Ramirez,Martinique
969,Michael Miller,Congo
602,Larry Harding,Indonesia
251,Jessica Hughes,Guatemala
459,Jeremy Hoffman,Tuvalu
554,Jennifer Ramos,Saint Lucia
534,Jennifer Houston,Cambodia
312,William Fox,Venezuela
704,Ann Ortiz,China
669,Keith Melendez,Syrian Arab Republic
490,John Carson,Mozambique
411,Patrick Walker DDS,French Southern Territories
755,Kaitlyn Valdez,Christmas Island
603,Maria Johnson,Lithuania
168,Heidi Castillo,Eritrea
743,Valerie Cardenas,Saint Martin
689,David Perkins,Kyrgyz Republic
999,Heather Brown,Norfolk Island
464,Eddie Fowler,Congo
884,Pamela George,Gibraltar
993,Ryan Marsh,Qatar
804,Joseph Bell,Burundi
630,Richard Jenkins,Cuba
258,Sandra Pope,Portugal
951,Sarah Marquez,Spain
216,Thomas Wilson,Andorra
591,Michael Taylor,Nauru
635,Gloria Mckinney,Suriname
221,Scott Thomas,Brunei Darussalam
314,Blake Vazquez,Andorra
893,Mr. Craig Johnson,Namibia
160,Terry Williams,Algeria
872,Caleb Guzman,Cook Islands
289,Alyssa Thomas,Fiji
693,Christopher Mason,Dominican Republic
617,Annette Lane,Cuba
832,Douglas Winters,Saint Kitts and Nevis
201,Tami York,Qatar
703,Michael Rodriguez,Jamaica
319,Jennifer Juarez,Lao People's Democratic Republic
212,Kathleen Ward,Saint Helena
141,Johnny Cruz,Saint Pierre and Miquelon
419,Sarah Perez,Timor-Leste
538,Benjamin Randall,Philippines
476,Zachary Vasquez,Kazakhstan
635,Angela Thomas,Namibia
204,Stephanie Jackson,Guadeloupe
305,Wanda Martinez,Luxembourg
385,Pamela Wheeler,Spain
759,Heather Estrada,Madagascar
385,Jesse Martinez,Djibouti
743,Alyssa Rojas,Philippines
127,Janet Shelton,Niger
738,Billy Walton,Somalia
577,Matthew Henry,Guam
928,Kimberly Cisneros,Turkmenistan
221,Ernest Bennett,Antigua and Barbuda
281,Shannon Turner,Liechtenstein
541,Mike Freeman,Peru
602,Melissa Armstrong,Timor-Leste
260,Jenna Simpson,Philippines
461,Diane Brown,Brunei Darussalam
957,Robert Silva,Nigeria
449,Jeffrey Braun,Azerbaijan
777,David Collins,Portugal
167,Ashley Jackson,Argentina
571,Jenny Robertson,Angola
812,Alex Stewart,Gibraltar
686,John Vazquez,Luxembourg
614,Mary Jackson,Jordan
306,Ryan Cobb PhD,France
371,Zachary Morales,Samoa
194,Laura Vargas,Mongolia
920,Jessica Reed,Swaziland
409,Elizabeth Alvarado,Israel
511,Jose Powers,Turkmenistan
119,Kelli Lopez,Panama
943,Julie Giles,New Zealand
973,Jessica Knight,Maldives
305,Charles Hernandez,French Southern Territories
964,Fernando Greer,Costa Rica
966,Rodney Lucas,Nepal
341,Brian Lee,Sweden
417,Justin Graham,Argentina
306,Chad Green,Mayotte
280,Amanda Sharp,Tokelau
185,Edward Brown,Haiti
787,Ann Hahn,Burundi
341,Nicholas Fitzpatrick,Switzerland
694,Tara King,Nepal
225,Emily Collier,Sri Lanka
866,Taylor Robinson,Croatia
381,David Lawrence,Holy See (Vatican City State)
816,Emily Coleman,Fiji
903,Heidi Baldwin,Oman
720,Patrick Lindsey,United States Virgin Islands
907,Dawn Cruz,Guyana
931,Kimberly Young,Algeria
502,Tabitha Turner,French Southern Territories
315,Caitlin Gonzales,Sudan
885,Rachel Hill,Slovakia (Slovak Republic)
603,Jason Randall,Turkey
939,Christopher Green,Italy
716,Kimberly Murphy,Serbia
153,Catherine Ramos,Afghanistan
510,Eric Johnston,Egypt
628,Patricia Banks,Nauru
802,Todd Hayes,Eritrea
277,Samantha Marsh,Israel
476,Shawn Duffy,Angola
123,Maria Sims,Congo
368,Caroline Morales,Eritrea
252,Jacob Valentine,Saint Barthelemy
638,Thomas Chavez,British Indian Ocean Territory (Chagos Archipelago)
329,Cheryl Atkins,San Marino
606,Jeffrey Clark,Finland
844,Jennifer Ortiz,French Guiana
368,Jerry Wright,Oman
569,John Savage,Poland
317,Michelle Fitzgerald,Bhutan
670,Gary Young,Wallis and Futuna
786,Linda Goodman,El Salvador
616,Elizabeth Foster,Uganda
672,Christopher Jackson,Guadeloupe
998,Brandon Page,Eritrea
219,William Porter,Guyana
540,Shawn Austin,Estonia
629,Steven Stewart,Zambia
254,Tammy Fields,Comoros
252,Clifford Harrison,Lao People's Democratic Republic
546,Steven Simpson,Russian Federation
674,Mr. Ryan Camacho,Bermuda
308,Catherine Jackson,Faroe Islands
676,Laurie Silva,Seychelles
684,Thomas Sanchez,Bhutan
436,Michael Becker,Namibia
208,Brittany Miller,Lesotho
564,Debra Barrett,Palau
737,Erika Dennis,South Georgia and the South Sandwich Islands
682,Scott Solis,South Georgia and the South Sandwich Islands
156,Kimberly Guzman,Equatorial Guinea
282,Randy Ross,Cote d'Ivoire
266,James Holland,British Indian Ocean Territory (Chagos Archipelago)
405,Jeffrey Drake MD,Bulgaria
467,Sandra Hunt,Turks and Caicos Islands
497,Justin Henderson,Sudan
477,Jessica Simmons,Guam
574,Maria Reeves,Niue
762,Donna Kim,Canada
230,Elizabeth Wright,Mongolia
148,Sylvia Palmer,Isle of Man
196,Nathan Hess,Mozambique
183,Alexis Yang,Solomon Islands
286,Amber Butler,Germany
701,Nicole Cole,Uruguay
992,Christine Miller,Tunisia
789,Joseph Smith,Chile
771,Michael Melton,Saint Kitts and Nevis
598,Robert Jensen,Portugal
791,Eric Martinez,Bouvet Island (Bouvetoya)
935,Wesley Trevino,Pakistan
248,Jessica Garrett,Benin
408,Brittany Henderson,United Kingdom
256,Jill Washington,Korea
699,Edward Gallegos,Grenada
108,Ryan Reynolds,Lithuania
854,Monique Duarte,Iran
597,Misty Mcconnell,Rwanda
162,Jennifer Stewart,Uganda
763,John Simpson,Kiribati
814,Christopher Barber,Kazakhstan
337,Laurie Cohen,Tajikistan
832,Bonnie Carter,Israel
953,Marissa Ward,Tanzania
265,Diane Curry,Bulgaria
277,Larry Garcia,Gabon
340,Anthony Smith,Philippines
262,Scott Gordon,Jersey
216,Barbara Walker,Slovenia
463,Patricia Hawkins,Portugal
